Language,Average Score (%)
twi-eng,58.131698259711264
ewe-eng,45.32449586838484
